Country,Title,Subcategory,Last updated
":HU: <a href=""https://static.eurofound.europa.eu/covid19db/countries/HU.html?utm_medium=datawrapper&utm_campaign=covid-19&utm_source=latestUkraineCases"">Hungary</a>","<a href=""https://static.eurofound.europa.eu/covid19db/cases/HU-2022-12_2445.html?utm_medium=datawrapper&utm_campaign=covid-19&utm_source=latestUkraineCases"">Government information page and support for charities for Ukraine</a>",Other humanitarian measures,06/24/2022
":HU: <a href=""https://static.eurofound.europa.eu/covid19db/countries/HU.html?utm_medium=datawrapper&utm_campaign=covid-19&utm_source=latestUkraineCases"">Hungary</a>","<a href=""https://static.eurofound.europa.eu/covid19db/cases/HU-2022-10_2442.html?utm_medium=datawrapper&utm_campaign=covid-19&utm_source=latestUkraineCases"">Education and childcare for Ukrainian refugee children</a>",Access to childcare and education,06/24/2022
":NL: <a href=""https://static.eurofound.europa.eu/covid19db/countries/NL.html?utm_medium=datawrapper&utm_campaign=covid-19&utm_source=latestUkraineCases"">Netherlands</a>","<a href=""https://static.eurofound.europa.eu/covid19db/cases/NL-2022-1_2237.html?utm_medium=datawrapper&utm_campaign=covid-19&utm_source=latestUkraineCases"">More money for households to take energy-saving measures</a>",Keeping or obtaining a safe home,06/24/2022
":NL: <a href=""https://static.eurofound.europa.eu/covid19db/countries/NL.html?utm_medium=datawrapper&utm_campaign=covid-19&utm_source=latestUkraineCases"">Netherlands</a>","<a href=""https://static.eurofound.europa.eu/covid19db/cases/NL-2022-1_2236.html?utm_medium=datawrapper&utm_campaign=covid-19&utm_source=latestUkraineCases"">Extra energy allowance for lower incomes</a>",Protection of vulnerable groups (beyond employment support),06/24/2022
":NL: <a href=""https://static.eurofound.europa.eu/covid19db/countries/NL.html?utm_medium=datawrapper&utm_campaign=covid-19&utm_source=latestUkraineCases"">Netherlands</a>","<a href=""https://static.eurofound.europa.eu/covid19db/cases/NL-2022-14_2235.html?utm_medium=datawrapper&utm_campaign=covid-19&utm_source=latestUkraineCases"">Reduction in VAT on energy and excise duty on petrol and diesel</a>",Responses to inflation,06/22/2022
":NL: <a href=""https://static.eurofound.europa.eu/covid19db/countries/NL.html?utm_medium=datawrapper&utm_campaign=covid-19&utm_source=latestUkraineCases"">Netherlands</a>","<a href=""https://static.eurofound.europa.eu/covid19db/cases/NL-2022-11_2207.html?utm_medium=datawrapper&utm_campaign=covid-19&utm_source=latestUkraineCases"">Setting up new accommodation for refugees from Ukraine in Dutch regions</a>",Keeping or obtaining a safe home,06/22/2022
":IT: <a href=""https://static.eurofound.europa.eu/covid19db/countries/IT.html?utm_medium=datawrapper&utm_campaign=covid-19&utm_source=latestUkraineCases"">Italy</a>","<a href=""https://static.eurofound.europa.eu/covid19db/cases/IT-2022-10_2205.html?utm_medium=datawrapper&utm_campaign=covid-19&utm_source=latestUkraineCases"">Support measures for students, doctoral candidates, researchers, teachers of Ukraine</a>",Smoothing frictions or reallocation of workers,06/22/2022
":ES: <a href=""https://static.eurofound.europa.eu/covid19db/countries/ES.html?utm_medium=datawrapper&utm_campaign=covid-19&utm_source=latestUkraineCases"">Spain</a>","<a href=""https://static.eurofound.europa.eu/covid19db/cases/ES-2022-14_2259.html?utm_medium=datawrapper&utm_campaign=covid-19&utm_source=latestUkraineCases"">Public aids for the fisheries sector</a>",Direct subsidies (full or partial),06/21/2022
":EU: <a href=""https://static.eurofound.europa.eu/covid19db/countries/EU.html?utm_medium=datawrapper&utm_campaign=covid-19&utm_source=latestUkraineCases"">European Union</a>","<a href=""https://static.eurofound.europa.eu/covid19db/cases/EU-2022-18_2378.html?utm_medium=datawrapper&utm_campaign=covid-19&utm_source=latestUkraineCases"">European universities show solidarity with Ukrainian partners</a>",Deferral of payments or liabilities,06/21/2022
":IT: <a href=""https://static.eurofound.europa.eu/covid19db/countries/IT.html?utm_medium=datawrapper&utm_campaign=covid-19&utm_source=latestUkraineCases"">Italy</a>","<a href=""https://static.eurofound.europa.eu/covid19db/cases/IT-2022-21_2350.html?utm_medium=datawrapper&utm_campaign=covid-19&utm_source=latestUkraineCases"">Tax credit for road hauliers </a>",Deferral of payments or liabilities,06/21/2022
":IT: <a href=""https://static.eurofound.europa.eu/covid19db/countries/IT.html?utm_medium=datawrapper&utm_campaign=covid-19&utm_source=latestUkraineCases"">Italy</a>","<a href=""https://static.eurofound.europa.eu/covid19db/cases/IT-2022-21_2351.html?utm_medium=datawrapper&utm_campaign=covid-19&utm_source=latestUkraineCases"">Subsidies for companies strongly affected by the Ukrainian crisis</a>",Direct subsidies (full or partial),06/21/2022
":NL: <a href=""https://static.eurofound.europa.eu/covid19db/countries/NL.html?utm_medium=datawrapper&utm_campaign=covid-19&utm_source=latestUkraineCases"">Netherlands</a>","<a href=""https://static.eurofound.europa.eu/covid19db/cases/NL-2022-1_2221.html?utm_medium=datawrapper&utm_campaign=covid-19&utm_source=latestUkraineCases"">Tax reduction on energy bill and reduction of tax rate on electricity</a>",Responses to inflation,06/21/2022
":ES: <a href=""https://static.eurofound.europa.eu/covid19db/countries/ES.html?utm_medium=datawrapper&utm_campaign=covid-19&utm_source=latestUkraineCases"">Spain</a>","<a href=""https://static.eurofound.europa.eu/covid19db/cases/ES-2022-14_2294.html?utm_medium=datawrapper&utm_campaign=covid-19&utm_source=latestUkraineCases"">Refugee Reception Centres for the care of people from Ukraine</a>",Protection of vulnerable groups (beyond employment support),06/21/2022
":ES: <a href=""https://static.eurofound.europa.eu/covid19db/countries/ES.html?utm_medium=datawrapper&utm_campaign=covid-19&utm_source=latestUkraineCases"">Spain</a>","<a href=""https://static.eurofound.europa.eu/covid19db/cases/ES-2022-14_2257.html?utm_medium=datawrapper&utm_campaign=covid-19&utm_source=latestUkraineCases"">Public aids for the agricultural sector</a>",Direct subsidies (full or partial),06/21/2022
":IT: <a href=""https://static.eurofound.europa.eu/covid19db/countries/IT.html?utm_medium=datawrapper&utm_campaign=covid-19&utm_source=latestUkraineCases"">Italy</a>","<a href=""https://static.eurofound.europa.eu/covid19db/cases/IT-2022-21_2326.html?utm_medium=datawrapper&utm_campaign=covid-19&utm_source=latestUkraineCases"">Grants for small and medium-sized agricultural enterprises affected by the war in Ukraine</a>",Foreign trade related measures,06/21/2022
":ES: <a href=""https://static.eurofound.europa.eu/covid19db/countries/ES.html?utm_medium=datawrapper&utm_campaign=covid-19&utm_source=latestUkraineCases"">Spain</a>","<a href=""https://static.eurofound.europa.eu/covid19db/cases/ES-2022-14_2293.html?utm_medium=datawrapper&utm_campaign=covid-19&utm_source=latestUkraineCases"">Easement of formalities for Ukrainian refugees</a>",Protection of vulnerable groups (beyond employment support),06/21/2022
":ES: <a href=""https://static.eurofound.europa.eu/covid19db/countries/ES.html?utm_medium=datawrapper&utm_campaign=covid-19&utm_source=latestUkraineCases"">Spain</a>","<a href=""https://static.eurofound.europa.eu/covid19db/cases/ES-2022-20_2250.html?utm_medium=datawrapper&utm_campaign=covid-19&utm_source=latestUkraineCases"">New line of €10 billion in credit guarantees for liquidity needs in companies</a>",Access to finance,06/21/2022
":ES: <a href=""https://static.eurofound.europa.eu/covid19db/countries/ES.html?utm_medium=datawrapper&utm_campaign=covid-19&utm_source=latestUkraineCases"">Spain</a>","<a href=""https://static.eurofound.europa.eu/covid19db/cases/ES-2022-14_2249.html?utm_medium=datawrapper&utm_campaign=covid-19&utm_source=latestUkraineCases"">Temporary increase in the minimum living income</a>",Protection of vulnerable groups (beyond employment support),06/21/2022
":ES: <a href=""https://static.eurofound.europa.eu/covid19db/countries/ES.html?utm_medium=datawrapper&utm_campaign=covid-19&utm_source=latestUkraineCases"">Spain</a>","<a href=""https://static.eurofound.europa.eu/covid19db/cases/ES-2022-14_2242.html?utm_medium=datawrapper&utm_campaign=covid-19&utm_source=latestUkraineCases"">20 cent reduction per litre of fuel refuelled</a>",Responses to inflation,06/21/2022
":IE: <a href=""https://static.eurofound.europa.eu/covid19db/countries/IE.html?utm_medium=datawrapper&utm_campaign=covid-19&utm_source=latestUkraineCases"">Ireland</a>","<a href=""https://static.eurofound.europa.eu/covid19db/cases/IE-2022-17_2408.html?utm_medium=datawrapper&utm_campaign=covid-19&utm_source=latestUkraineCases"">Ukrainian refugees have full access to labour market, social services and benefits under Temporary Protection Directive</a>",Protection of vulnerable groups (beyond employment support),06/21/2022
":SI: <a href=""https://static.eurofound.europa.eu/covid19db/countries/SI.html?utm_medium=datawrapper&utm_campaign=covid-19&utm_source=latestUkraineCases"">Slovenia</a>","<a href=""https://static.eurofound.europa.eu/covid19db/cases/SI-2022-11_2270.html?utm_medium=datawrapper&utm_campaign=covid-19&utm_source=latestUkraineCases"">Accommodation of refugees from Ukraine</a>",Keeping or obtaining a safe home,06/21/2022
":ES: <a href=""https://static.eurofound.europa.eu/covid19db/countries/ES.html?utm_medium=datawrapper&utm_campaign=covid-19&utm_source=latestUkraineCases"">Spain</a>","<a href=""https://static.eurofound.europa.eu/covid19db/cases/ES-2022-14_2248.html?utm_medium=datawrapper&utm_campaign=covid-19&utm_source=latestUkraineCases"">Limitation on rental payments for housing</a>",Keeping or obtaining a safe home,06/21/2022
":ES: <a href=""https://static.eurofound.europa.eu/covid19db/countries/ES.html?utm_medium=datawrapper&utm_campaign=covid-19&utm_source=latestUkraineCases"">Spain</a>","<a href=""https://static.eurofound.europa.eu/covid19db/cases/ES-2022-14_2284.html?utm_medium=datawrapper&utm_campaign=covid-19&utm_source=latestUkraineCases"">Public aids for the transport sector granted after strike action by employers</a>",Direct subsidies (full or partial),06/21/2022
":EU: <a href=""https://static.eurofound.europa.eu/covid19db/countries/EU.html?utm_medium=datawrapper&utm_campaign=covid-19&utm_source=latestUkraineCases"">European Union</a>","<a href=""https://static.eurofound.europa.eu/covid19db/cases/EU-2022-12_2341.html?utm_medium=datawrapper&utm_campaign=covid-19&utm_source=latestUkraineCases"">European trade unions' reaction on Russian invasion of Ukraine</a>",Other humanitarian measures,06/21/2022
":SI: <a href=""https://static.eurofound.europa.eu/covid19db/countries/SI.html?utm_medium=datawrapper&utm_campaign=covid-19&utm_source=latestUkraineCases"">Slovenia</a>","<a href=""https://static.eurofound.europa.eu/covid19db/cases/SI-2022-11_2271.html?utm_medium=datawrapper&utm_campaign=covid-19&utm_source=latestUkraineCases"">Income support and other humanitarian measures for Ukrainian refugees</a>",Other humanitarian measures,06/21/2022
":EU: <a href=""https://static.eurofound.europa.eu/covid19db/countries/EU.html?utm_medium=datawrapper&utm_campaign=covid-19&utm_source=latestUkraineCases"">European Union</a>","<a href=""https://static.eurofound.europa.eu/covid19db/cases/EU-2022-11_2339.html?utm_medium=datawrapper&utm_campaign=covid-19&utm_source=latestUkraineCases"">The EU stands in solidarity with refugees from Ukraine</a>",Other humanitarian measures,06/21/2022
":EU: <a href=""https://static.eurofound.europa.eu/covid19db/countries/EU.html?utm_medium=datawrapper&utm_campaign=covid-19&utm_source=latestUkraineCases"">European Union</a>","<a href=""https://static.eurofound.europa.eu/covid19db/cases/EU-2022-15_2338.html?utm_medium=datawrapper&utm_campaign=covid-19&utm_source=latestUkraineCases"">EU: Faster and simpler recognition of refugees' professional qualifications</a>",Smoothing frictions or reallocation of workers,06/21/2022
":SI: <a href=""https://static.eurofound.europa.eu/covid19db/countries/SI.html?utm_medium=datawrapper&utm_campaign=covid-19&utm_source=latestUkraineCases"">Slovenia</a>","<a href=""https://static.eurofound.europa.eu/covid19db/cases/SI-2022-11_2272.html?utm_medium=datawrapper&utm_campaign=covid-19&utm_source=latestUkraineCases"">Access to healthcare for Ukrainian refugees</a>",Access to healthcare,06/21/2022
":SI: <a href=""https://static.eurofound.europa.eu/covid19db/countries/SI.html?utm_medium=datawrapper&utm_campaign=covid-19&utm_source=latestUkraineCases"">Slovenia</a>","<a href=""https://static.eurofound.europa.eu/covid19db/cases/SI-2022-11_2273.html?utm_medium=datawrapper&utm_campaign=covid-19&utm_source=latestUkraineCases"">Access to childcare and education for Ukrainian refugees</a>",Access to childcare and education,06/21/2022
":IT: <a href=""https://static.eurofound.europa.eu/covid19db/countries/IT.html?utm_medium=datawrapper&utm_campaign=covid-19&utm_source=latestUkraineCases"">Italy</a>","<a href=""https://static.eurofound.europa.eu/covid19db/cases/IT-2022-21_2329.html?utm_medium=datawrapper&utm_campaign=covid-19&utm_source=latestUkraineCases"">Subsidy for low-income employees</a>",Responses to inflation,06/21/2022
":SI: <a href=""https://static.eurofound.europa.eu/covid19db/countries/SI.html?utm_medium=datawrapper&utm_campaign=covid-19&utm_source=latestUkraineCases"">Slovenia</a>","<a href=""https://static.eurofound.europa.eu/covid19db/cases/SI-2022-11_2274.html?utm_medium=datawrapper&utm_campaign=covid-19&utm_source=latestUkraineCases"">Access to the labour market for Ukrainian refugees</a>","Active labour market policies (enhancing employability, training, subsidised job creation, etc.)",06/21/2022
":SI: <a href=""https://static.eurofound.europa.eu/covid19db/countries/SI.html?utm_medium=datawrapper&utm_campaign=covid-19&utm_source=latestUkraineCases"">Slovenia</a>","<a href=""https://static.eurofound.europa.eu/covid19db/cases/SI-2022-10_2275.html?utm_medium=datawrapper&utm_campaign=covid-19&utm_source=latestUkraineCases"">Subsidies and fixed prices for businesses' energy bills</a>",Direct subsidies (full or partial),06/21/2022
":SI: <a href=""https://static.eurofound.europa.eu/covid19db/countries/SI.html?utm_medium=datawrapper&utm_campaign=covid-19&utm_source=latestUkraineCases"">Slovenia</a>","<a href=""https://static.eurofound.europa.eu/covid19db/cases/SI-2022-6_2276.html?utm_medium=datawrapper&utm_campaign=covid-19&utm_source=latestUkraineCases"">One-time subsidy for energy bills of low-income households</a>",Keeping or obtaining a safe home,06/21/2022
":FR: <a href=""https://static.eurofound.europa.eu/covid19db/countries/FR.html?utm_medium=datawrapper&utm_campaign=covid-19&utm_source=latestUkraineCases"">France</a>","<a href=""https://static.eurofound.europa.eu/covid19db/cases/FR-2022-14_2364.html?utm_medium=datawrapper&utm_campaign=covid-19&utm_source=latestUkraineCases"">Work permit for Ukrainian refugees</a>","Active labour market policies (enhancing employability, training, subsidised job creation, etc.)",06/20/2022
":LT: <a href=""https://static.eurofound.europa.eu/covid19db/countries/LT.html?utm_medium=datawrapper&utm_campaign=covid-19&utm_source=latestUkraineCases"">Lithuania</a>","<a href=""https://static.eurofound.europa.eu/covid19db/cases/LT-2022-13_2359.html?utm_medium=datawrapper&utm_campaign=covid-19&utm_source=latestUkraineCases"">Food cards for Ukrainian refugees</a>",Provision of services in kind (e.g. food vouchers),06/20/2022
":LT: <a href=""https://static.eurofound.europa.eu/covid19db/countries/LT.html?utm_medium=datawrapper&utm_campaign=covid-19&utm_source=latestUkraineCases"">Lithuania</a>","<a href=""https://static.eurofound.europa.eu/covid19db/cases/LT-2022-14_2363.html?utm_medium=datawrapper&utm_campaign=covid-19&utm_source=latestUkraineCases"">One-off settlement allowance for refugees under temporary protection</a>",Keeping or obtaining a safe home,06/20/2022
":LT: <a href=""https://static.eurofound.europa.eu/covid19db/countries/LT.html?utm_medium=datawrapper&utm_campaign=covid-19&utm_source=latestUkraineCases"">Lithuania</a>","<a href=""https://static.eurofound.europa.eu/covid19db/cases/LT-2022-12_2362.html?utm_medium=datawrapper&utm_campaign=covid-19&utm_source=latestUkraineCases"">Granting temporary protection to Ukrainian citizens in the Republic of Lithuania</a>",Protection of vulnerable groups (beyond employment support),06/20/2022
":PL: <a href=""https://static.eurofound.europa.eu/covid19db/countries/PL.html?utm_medium=datawrapper&utm_campaign=covid-19&utm_source=latestUkraineCases"">Poland</a>","<a href=""https://static.eurofound.europa.eu/covid19db/cases/PL-2022-21_2361.html?utm_medium=datawrapper&utm_campaign=covid-19&utm_source=latestUkraineCases"">Help with mortgage payments</a>",Keeping or obtaining a safe home,06/20/2022
":PL: <a href=""https://static.eurofound.europa.eu/covid19db/countries/PL.html?utm_medium=datawrapper&utm_campaign=covid-19&utm_source=latestUkraineCases"">Poland</a>","<a href=""https://static.eurofound.europa.eu/covid19db/cases/PL-2022-11_2360.html?utm_medium=datawrapper&utm_campaign=covid-19&utm_source=latestUkraineCases"">International humanitarian aid HUB in Lower Silesia </a>",Other humanitarian measures,06/20/2022
":CZ: <a href=""https://static.eurofound.europa.eu/covid19db/countries/CZ.html?utm_medium=datawrapper&utm_campaign=covid-19&utm_source=latestUkraineCases"">Czechia</a>","<a href=""https://static.eurofound.europa.eu/covid19db/cases/CZ-2022-14_2109.html?utm_medium=datawrapper&utm_campaign=covid-19&utm_source=latestUkraineCases"">Adaptation courses for Ukrainian children aged 3 to 15</a>",Access to childcare and education,06/20/2022
":GR: <a href=""https://static.eurofound.europa.eu/covid19db/countries/GR.html?utm_medium=datawrapper&utm_campaign=covid-19&utm_source=latestUkraineCases"">Greece</a>","<a href=""https://static.eurofound.europa.eu/covid19db/cases/GR-2022-10_2357.html?utm_medium=datawrapper&utm_campaign=covid-19&utm_source=latestUkraineCases"">Integration of Ukrainian refugee children into the Greek education system</a>",Access to childcare and education,06/20/2022
":FI: <a href=""https://static.eurofound.europa.eu/covid19db/countries/FI.html?utm_medium=datawrapper&utm_campaign=covid-19&utm_source=latestUkraineCases"">Finland</a>","<a href=""https://static.eurofound.europa.eu/covid19db/cases/FI-2022-18_2340.html?utm_medium=datawrapper&utm_campaign=covid-19&utm_source=latestUkraineCases"">Higher education opportunities for Ukrainians fleeing the war</a>",Access to childcare and education,06/20/2022
":DK: <a href=""https://static.eurofound.europa.eu/covid19db/countries/DK.html?utm_medium=datawrapper&utm_campaign=covid-19&utm_source=latestUkraineCases"">Denmark</a>","<a href=""https://static.eurofound.europa.eu/covid19db/cases/DK-2022-22_2328.html?utm_medium=datawrapper&utm_campaign=covid-19&utm_source=latestUkraineCases"">Municipalities offer special courses for Ukrainian children in primary school</a>",Access to childcare and education,06/20/2022
":GR: <a href=""https://static.eurofound.europa.eu/covid19db/countries/GR.html?utm_medium=datawrapper&utm_campaign=covid-19&utm_source=latestUkraineCases"">Greece</a>","<a href=""https://static.eurofound.europa.eu/covid19db/cases/GR-2022-10_2330.html?utm_medium=datawrapper&utm_campaign=covid-19&utm_source=latestUkraineCases"">Reception and accommodation centres for Ukrainian refugees</a>",Keeping or obtaining a safe home,06/20/2022
":SK: <a href=""https://static.eurofound.europa.eu/covid19db/countries/SK.html?utm_medium=datawrapper&utm_campaign=covid-19&utm_source=latestUkraineCases"">Slovakia</a>","<a href=""https://static.eurofound.europa.eu/covid19db/cases/SK-2022-19_2331.html?utm_medium=datawrapper&utm_campaign=covid-19&utm_source=latestUkraineCases"">Education and training of refugees</a>","Active labour market policies (enhancing employability, training, subsidised job creation, etc.)",06/20/2022
":CY: <a href=""https://static.eurofound.europa.eu/covid19db/countries/CY.html?utm_medium=datawrapper&utm_campaign=covid-19&utm_source=latestUkraineCases"">Cyprus</a>","<a href=""https://static.eurofound.europa.eu/covid19db/cases/CY-2022-16_2332.html?utm_medium=datawrapper&utm_campaign=covid-19&utm_source=latestUkraineCases"">Schooling of Ukrainian children in public schools</a>",Access to childcare and education,06/20/2022
":CY: <a href=""https://static.eurofound.europa.eu/covid19db/countries/CY.html?utm_medium=datawrapper&utm_campaign=covid-19&utm_source=latestUkraineCases"">Cyprus</a>","<a href=""https://static.eurofound.europa.eu/covid19db/cases/CY-2022-17_2333.html?utm_medium=datawrapper&utm_campaign=covid-19&utm_source=latestUkraineCases"">Temporary accommodation of refugees from Ukraine in hotels and organized apartments</a>",Keeping or obtaining a safe home,06/20/2022
":LU: <a href=""https://static.eurofound.europa.eu/covid19db/countries/LU.html?utm_medium=datawrapper&utm_campaign=covid-19&utm_source=latestUkraineCases"">Luxembourg</a>","<a href=""https://static.eurofound.europa.eu/covid19db/cases/LU-2022-12_2334.html?utm_medium=datawrapper&utm_campaign=covid-19&utm_source=latestUkraineCases"">Reception of pupils from Ukraine in international state schools</a>",Access to childcare and education,06/20/2022
":PL: <a href=""https://static.eurofound.europa.eu/covid19db/countries/PL.html?utm_medium=datawrapper&utm_campaign=covid-19&utm_source=latestUkraineCases"">Poland</a>","<a href=""https://static.eurofound.europa.eu/covid19db/cases/PL-2022-9_2336.html?utm_medium=datawrapper&utm_campaign=covid-19&utm_source=latestUkraineCases"">Extension of temporary residence permits and visas for Ukrainians</a>",Protection of vulnerable groups (beyond employment support),06/20/2022
":LU: <a href=""https://static.eurofound.europa.eu/covid19db/countries/LU.html?utm_medium=datawrapper&utm_campaign=covid-19&utm_source=latestUkraineCases"">Luxembourg</a>","<a href=""https://static.eurofound.europa.eu/covid19db/cases/LU-2022-11_2337.html?utm_medium=datawrapper&utm_campaign=covid-19&utm_source=latestUkraineCases"">Emergency shelter for refugees</a>",Keeping or obtaining a safe home,06/20/2022
":LU: <a href=""https://static.eurofound.europa.eu/covid19db/countries/LU.html?utm_medium=datawrapper&utm_campaign=covid-19&utm_source=latestUkraineCases"">Luxembourg</a>","<a href=""https://static.eurofound.europa.eu/covid19db/cases/LU-2022-16_2342.html?utm_medium=datawrapper&utm_campaign=covid-19&utm_source=latestUkraineCases"">Provision of temporary accommodation for refugees from Ukraine</a>",Keeping or obtaining a safe home,06/20/2022
":RO: <a href=""https://static.eurofound.europa.eu/covid19db/countries/RO.html?utm_medium=datawrapper&utm_campaign=covid-19&utm_source=latestUkraineCases"">Romania</a>","<a href=""https://static.eurofound.europa.eu/covid19db/cases/RO-2022-11_2356.html?utm_medium=datawrapper&utm_campaign=covid-19&utm_source=latestUkraineCases"">Medical assistance for people from Ukraine </a>",Access to healthcare,06/20/2022
":SE: <a href=""https://static.eurofound.europa.eu/covid19db/countries/SE.html?utm_medium=datawrapper&utm_campaign=covid-19&utm_source=latestUkraineCases"">Sweden</a>","<a href=""https://static.eurofound.europa.eu/covid19db/cases/SE-2022-12_2346.html?utm_medium=datawrapper&utm_campaign=covid-19&utm_source=latestUkraineCases"">Exemptions in building regulations to facilitate temporary housing for refugees</a>",Keeping or obtaining a safe home,06/20/2022
":LU: <a href=""https://static.eurofound.europa.eu/covid19db/countries/LU.html?utm_medium=datawrapper&utm_campaign=covid-19&utm_source=latestUkraineCases"">Luxembourg</a>","<a href=""https://static.eurofound.europa.eu/covid19db/cases/LU-2022-9_2347.html?utm_medium=datawrapper&utm_campaign=covid-19&utm_source=latestUkraineCases"">Temporary protection</a>",Other humanitarian measures,06/20/2022
":LU: <a href=""https://static.eurofound.europa.eu/covid19db/countries/LU.html?utm_medium=datawrapper&utm_campaign=covid-19&utm_source=latestUkraineCases"">Luxembourg</a>","<a href=""https://static.eurofound.europa.eu/covid19db/cases/LU-2022-11_2348.html?utm_medium=datawrapper&utm_campaign=covid-19&utm_source=latestUkraineCases"">Labour market access for refugees from Ukraine</a>","Active labour market policies (enhancing employability, training, subsidised job creation, etc.)",06/20/2022
":SE: <a href=""https://static.eurofound.europa.eu/covid19db/countries/SE.html?utm_medium=datawrapper&utm_campaign=covid-19&utm_source=latestUkraineCases"">Sweden</a>","<a href=""https://static.eurofound.europa.eu/covid19db/cases/SE-2022-32_2352.html?utm_medium=datawrapper&utm_campaign=covid-19&utm_source=latestUkraineCases"">Compensation for owners of private cars to mitigate hike in fuel prices</a>",Responses to inflation,06/20/2022
":LT: <a href=""https://static.eurofound.europa.eu/covid19db/countries/LT.html?utm_medium=datawrapper&utm_campaign=covid-19&utm_source=latestUkraineCases"">Lithuania</a>","<a href=""https://static.eurofound.europa.eu/covid19db/cases/LT-2022-10_2353.html?utm_medium=datawrapper&utm_campaign=covid-19&utm_source=latestUkraineCases"">Simplified procedure for employing Ukrainian citizens</a>","Active labour market policies (enhancing employability, training, subsidised job creation, etc.)",06/20/2022
":SE: <a href=""https://static.eurofound.europa.eu/covid19db/countries/SE.html?utm_medium=datawrapper&utm_campaign=covid-19&utm_source=latestUkraineCases"">Sweden</a>","<a href=""https://static.eurofound.europa.eu/covid19db/cases/SE-2022-18_2354.html?utm_medium=datawrapper&utm_campaign=covid-19&utm_source=latestUkraineCases"">Temporary protection extended to persons arriving before the invasion</a>",Other humanitarian measures,06/20/2022
":LT: <a href=""https://static.eurofound.europa.eu/covid19db/countries/LT.html?utm_medium=datawrapper&utm_campaign=covid-19&utm_source=latestUkraineCases"">Lithuania</a>","<a href=""https://static.eurofound.europa.eu/covid19db/cases/LT-2022-13_2367.html?utm_medium=datawrapper&utm_campaign=covid-19&utm_source=latestUkraineCases"">Benefits for children of foreigners</a>",Support for parents and carers (financial or in kind),06/20/2022
":PL: <a href=""https://static.eurofound.europa.eu/covid19db/countries/PL.html?utm_medium=datawrapper&utm_campaign=covid-19&utm_source=latestUkraineCases"">Poland</a>","<a href=""https://static.eurofound.europa.eu/covid19db/cases/PL-2022-12_2355.html?utm_medium=datawrapper&utm_campaign=covid-19&utm_source=latestUkraineCases"">Lesser Poland Humanitarian Shield</a>",Other humanitarian measures,06/20/2022
":LT: <a href=""https://static.eurofound.europa.eu/covid19db/countries/LT.html?utm_medium=datawrapper&utm_campaign=covid-19&utm_source=latestUkraineCases"">Lithuania</a>","<a href=""https://static.eurofound.europa.eu/covid19db/cases/LT-2022-14_2366.html?utm_medium=datawrapper&utm_campaign=covid-19&utm_source=latestUkraineCases"">Compensation for child’s education under temporary protection</a>",Access to childcare and education,06/20/2022
":LT: <a href=""https://static.eurofound.europa.eu/covid19db/countries/LT.html?utm_medium=datawrapper&utm_campaign=covid-19&utm_source=latestUkraineCases"">Lithuania</a>","<a href=""https://static.eurofound.europa.eu/covid19db/cases/LT-2022-17_2374.html?utm_medium=datawrapper&utm_campaign=covid-19&utm_source=latestUkraineCases"">Loans for start-ups of Ukrainian refugees</a>",Access to finance,06/20/2022
":GR: <a href=""https://static.eurofound.europa.eu/covid19db/countries/GR.html?utm_medium=datawrapper&utm_campaign=covid-19&utm_source=latestUkraineCases"">Greece</a>","<a href=""https://static.eurofound.europa.eu/covid19db/cases/GR-2022-20_2368.html?utm_medium=datawrapper&utm_campaign=covid-19&utm_source=latestUkraineCases"">Psychosocial support for Ukrainian refugees: A telephone hotline</a>",Other humanitarian measures,06/20/2022
":LT: <a href=""https://static.eurofound.europa.eu/covid19db/countries/LT.html?utm_medium=datawrapper&utm_campaign=covid-19&utm_source=latestUkraineCases"">Lithuania</a>","<a href=""https://static.eurofound.europa.eu/covid19db/cases/LT-2022-12_2369.html?utm_medium=datawrapper&utm_campaign=covid-19&utm_source=latestUkraineCases"">Cash social assistance to foreigners</a>",Protection of vulnerable groups (beyond employment support),06/20/2022
":LV: <a href=""https://static.eurofound.europa.eu/covid19db/countries/LV.html?utm_medium=datawrapper&utm_campaign=covid-19&utm_source=latestUkraineCases"">Latvia</a>","<a href=""https://static.eurofound.europa.eu/covid19db/cases/LV-2022-10_2412.html?utm_medium=datawrapper&utm_campaign=covid-19&utm_source=latestUkraineCases"">Employment of Ukrainian civilians in education and sports</a>","Active labour market policies (enhancing employability, training, subsidised job creation, etc.)",06/20/2022
":LV: <a href=""https://static.eurofound.europa.eu/covid19db/countries/LV.html?utm_medium=datawrapper&utm_campaign=covid-19&utm_source=latestUkraineCases"">Latvia</a>","<a href=""https://static.eurofound.europa.eu/covid19db/cases/LV-2022-19_2414.html?utm_medium=datawrapper&utm_campaign=covid-19&utm_source=latestUkraineCases"">Financial support for free accommodation for Ukrainian civilians</a>",Keeping or obtaining a safe home,06/20/2022
":BG: <a href=""https://static.eurofound.europa.eu/covid19db/countries/BG.html?utm_medium=datawrapper&utm_campaign=covid-19&utm_source=latestUkraineCases"">Bulgaria</a>","<a href=""https://static.eurofound.europa.eu/covid19db/cases/BG-2022-11_2422.html?utm_medium=datawrapper&utm_campaign=covid-19&utm_source=latestUkraineCases"">Trade union opens temporary reception centres for refugees from Ukraine</a>",Keeping or obtaining a safe home,06/20/2022
":CY: <a href=""https://static.eurofound.europa.eu/covid19db/countries/CY.html?utm_medium=datawrapper&utm_campaign=covid-19&utm_source=latestUkraineCases"">Cyprus</a>","<a href=""https://static.eurofound.europa.eu/covid19db/cases/CY-2022-11_2423.html?utm_medium=datawrapper&utm_campaign=covid-19&utm_source=latestUkraineCases"">Tax cut on fuel </a>",Responses to inflation,06/20/2022
":PT: <a href=""https://static.eurofound.europa.eu/covid19db/countries/PT.html?utm_medium=datawrapper&utm_campaign=covid-19&utm_source=latestUkraineCases"">Portugal</a>","<a href=""https://static.eurofound.europa.eu/covid19db/cases/PT-2022-12_2424.html?utm_medium=datawrapper&utm_campaign=covid-19&utm_source=latestUkraineCases"">Registration and fostering of unaccompanied Ukrainian minors</a>",Other humanitarian measures,06/20/2022
":PT: <a href=""https://static.eurofound.europa.eu/covid19db/countries/PT.html?utm_medium=datawrapper&utm_campaign=covid-19&utm_source=latestUkraineCases"">Portugal</a>","<a href=""https://static.eurofound.europa.eu/covid19db/cases/PT-2022-10_2425.html?utm_medium=datawrapper&utm_campaign=covid-19&utm_source=latestUkraineCases"">Financial support for accommodation of Ukrainian refugees</a>",Keeping or obtaining a safe home,06/20/2022
":PT: <a href=""https://static.eurofound.europa.eu/covid19db/countries/PT.html?utm_medium=datawrapper&utm_campaign=covid-19&utm_source=latestUkraineCases"">Portugal</a>","<a href=""https://static.eurofound.europa.eu/covid19db/cases/PT-2022-21_2426.html?utm_medium=datawrapper&utm_campaign=covid-19&utm_source=latestUkraineCases"">National Health Service: Healthcare for citizens from Ukraine</a>",Access to healthcare,06/20/2022
":NO: <a href=""https://static.eurofound.europa.eu/covid19db/countries/NO.html?utm_medium=datawrapper&utm_campaign=covid-19&utm_source=latestUkraineCases"">Norway</a>","<a href=""https://static.eurofound.europa.eu/covid19db/cases/NO-2022-14_2429.html?utm_medium=datawrapper&utm_campaign=covid-19&utm_source=latestUkraineCases"">Childcare and education for people displaced from Ukraine</a>",Access to childcare and education,06/20/2022
":PT: <a href=""https://static.eurofound.europa.eu/covid19db/countries/PT.html?utm_medium=datawrapper&utm_campaign=covid-19&utm_source=latestUkraineCases"">Portugal</a>","<a href=""https://static.eurofound.europa.eu/covid19db/cases/PT-2022-10_2432.html?utm_medium=datawrapper&utm_campaign=covid-19&utm_source=latestUkraineCases"">Monthly subsidy for families to counter inflation</a>",Responses to inflation,06/20/2022
":NO: <a href=""https://static.eurofound.europa.eu/covid19db/countries/NO.html?utm_medium=datawrapper&utm_campaign=covid-19&utm_source=latestUkraineCases"">Norway</a>","<a href=""https://static.eurofound.europa.eu/covid19db/cases/NO-2022-14_2433.html?utm_medium=datawrapper&utm_campaign=covid-19&utm_source=latestUkraineCases"">Language training and inclusion of people displaced from Ukraine</a>",Access to childcare and education,06/20/2022
":PT: <a href=""https://static.eurofound.europa.eu/covid19db/countries/PT.html?utm_medium=datawrapper&utm_campaign=covid-19&utm_source=latestUkraineCases"">Portugal</a>","<a href=""https://static.eurofound.europa.eu/covid19db/cases/PT-2022-12_2436.html?utm_medium=datawrapper&utm_campaign=covid-19&utm_source=latestUkraineCases"">Production Support Line: Credit for enterprises affected by inflation</a>",Access to finance,06/20/2022
":AT: <a href=""https://static.eurofound.europa.eu/covid19db/countries/AT.html?utm_medium=datawrapper&utm_campaign=covid-19&utm_source=latestUkraineCases"">Austria</a>","<a href=""https://static.eurofound.europa.eu/covid19db/cases/AT-2022-12_2439.html?utm_medium=datawrapper&utm_campaign=covid-19&utm_source=latestUkraineCases"">Inclusion of Ukrainian refugees in largest Austrian social health insurance</a>",Access to healthcare,06/20/2022
":AT: <a href=""https://static.eurofound.europa.eu/covid19db/countries/AT.html?utm_medium=datawrapper&utm_campaign=covid-19&utm_source=latestUkraineCases"">Austria</a>","<a href=""https://static.eurofound.europa.eu/covid19db/cases/AT-2022-11_2440.html?utm_medium=datawrapper&utm_campaign=covid-19&utm_source=latestUkraineCases"">Access to the labour market for refugees from Ukraine</a>",Mobilisation of a larger workforce,06/20/2022
":AT: <a href=""https://static.eurofound.europa.eu/covid19db/countries/AT.html?utm_medium=datawrapper&utm_campaign=covid-19&utm_source=latestUkraineCases"">Austria</a>","<a href=""https://static.eurofound.europa.eu/covid19db/cases/AT-2022-12_2441.html?utm_medium=datawrapper&utm_campaign=covid-19&utm_source=latestUkraineCases"">Education measures for Ukrainian refugees</a>",Access to childcare and education,06/20/2022
":HU: <a href=""https://static.eurofound.europa.eu/covid19db/countries/HU.html?utm_medium=datawrapper&utm_campaign=covid-19&utm_source=latestUkraineCases"">Hungary</a>","<a href=""https://static.eurofound.europa.eu/covid19db/cases/HU-2022-9_2444.html?utm_medium=datawrapper&utm_campaign=covid-19&utm_source=latestUkraineCases"">Healthcare services for Ukrainian refugees</a>",Access to healthcare,06/20/2022
":BE: <a href=""https://static.eurofound.europa.eu/covid19db/countries/BE.html?utm_medium=datawrapper&utm_campaign=covid-19&utm_source=latestUkraineCases"">Belgium</a>","<a href=""https://static.eurofound.europa.eu/covid19db/cases/BE-2022-10_2404.html?utm_medium=datawrapper&utm_campaign=covid-19&utm_source=latestUkraineCases"">Flemish financial support for municipalities to provide housing for Ukrainian refugees</a>",Keeping or obtaining a safe home,06/20/2022
":LV: <a href=""https://static.eurofound.europa.eu/covid19db/countries/LV.html?utm_medium=datawrapper&utm_campaign=covid-19&utm_source=latestUkraineCases"">Latvia</a>","<a href=""https://static.eurofound.europa.eu/covid19db/cases/LV-2022-19_2403.html?utm_medium=datawrapper&utm_campaign=covid-19&utm_source=latestUkraineCases"">Easing access to employment for Ukrainian refugees</a>","Active labour market policies (enhancing employability, training, subsidised job creation, etc.)",06/20/2022
":LV: <a href=""https://static.eurofound.europa.eu/covid19db/countries/LV.html?utm_medium=datawrapper&utm_campaign=covid-19&utm_source=latestUkraineCases"">Latvia</a>","<a href=""https://static.eurofound.europa.eu/covid19db/cases/LV-2022-11_2401.html?utm_medium=datawrapper&utm_campaign=covid-19&utm_source=latestUkraineCases"">Free regional public transport for Ukrainian refugees</a>",Provision of services in kind (e.g. food vouchers),06/20/2022
":PL: <a href=""https://static.eurofound.europa.eu/covid19db/countries/PL.html?utm_medium=datawrapper&utm_campaign=covid-19&utm_source=latestUkraineCases"">Poland</a>","<a href=""https://static.eurofound.europa.eu/covid19db/cases/PL-2022-10_2385.html?utm_medium=datawrapper&utm_campaign=covid-19&utm_source=latestUkraineCases"">State energy company provides humanitarian aid for refugees from Ukraine</a>",Other humanitarian measures,06/20/2022
":PL: <a href=""https://static.eurofound.europa.eu/covid19db/countries/PL.html?utm_medium=datawrapper&utm_campaign=covid-19&utm_source=latestUkraineCases"">Poland</a>","<a href=""https://static.eurofound.europa.eu/covid19db/cases/PL-2022-9_2371.html?utm_medium=datawrapper&utm_campaign=covid-19&utm_source=latestUkraineCases"">Fundraiser of Polish business associations for Ukraine</a>",Other humanitarian measures,06/20/2022
":PL: <a href=""https://static.eurofound.europa.eu/covid19db/countries/PL.html?utm_medium=datawrapper&utm_campaign=covid-19&utm_source=latestUkraineCases"">Poland</a>","<a href=""https://static.eurofound.europa.eu/covid19db/cases/PL-2022-10_2372.html?utm_medium=datawrapper&utm_campaign=covid-19&utm_source=latestUkraineCases"">Polish Investment and Trade Agency provides office space for Ukrainian businesses</a>",Direct subsidies (full or partial),06/20/2022
":PL: <a href=""https://static.eurofound.europa.eu/covid19db/countries/PL.html?utm_medium=datawrapper&utm_campaign=covid-19&utm_source=latestUkraineCases"">Poland</a>","<a href=""https://static.eurofound.europa.eu/covid19db/cases/PL-2022-10_2376.html?utm_medium=datawrapper&utm_campaign=covid-19&utm_source=latestUkraineCases"">Social Insurance Institution ZUS provides accommodation for Ukrainian refugees</a>",Keeping or obtaining a safe home,06/20/2022
":DK: <a href=""https://static.eurofound.europa.eu/covid19db/countries/DK.html?utm_medium=datawrapper&utm_campaign=covid-19&utm_source=latestUkraineCases"">Denmark</a>","<a href=""https://static.eurofound.europa.eu/covid19db/cases/DK-2022-7_2381.html?utm_medium=datawrapper&utm_campaign=covid-19&utm_source=latestUkraineCases"">Extension of heat check subsidy for economically vulnerable groups</a>",Responses to inflation,06/20/2022
":PL: <a href=""https://static.eurofound.europa.eu/covid19db/countries/PL.html?utm_medium=datawrapper&utm_campaign=covid-19&utm_source=latestUkraineCases"">Poland</a>","<a href=""https://static.eurofound.europa.eu/covid19db/cases/PL-2022-10_2383.html?utm_medium=datawrapper&utm_campaign=covid-19&utm_source=latestUkraineCases"">City of Ciechanów exempts private hosts of refugees from real estate tax</a>",Keeping or obtaining a safe home,06/20/2022
":FR: <a href=""https://static.eurofound.europa.eu/covid19db/countries/FR.html?utm_medium=datawrapper&utm_campaign=covid-19&utm_source=latestUkraineCases"">France</a>","<a href=""https://static.eurofound.europa.eu/covid19db/cases/FR-2022-16_2384.html?utm_medium=datawrapper&utm_campaign=covid-19&utm_source=latestUkraineCases"">Pathways to integration through economic activity for Ukrainian refugees</a>","Active labour market policies (enhancing employability, training, subsidised job creation, etc.)",06/20/2022
":RO: <a href=""https://static.eurofound.europa.eu/covid19db/countries/RO.html?utm_medium=datawrapper&utm_campaign=covid-19&utm_source=latestUkraineCases"">Romania</a>","<a href=""https://static.eurofound.europa.eu/covid19db/cases/RO-2022-11_2387.html?utm_medium=datawrapper&utm_campaign=covid-19&utm_source=latestUkraineCases"">Access to education for people from Ukraine </a>",Access to childcare and education,06/20/2022
":HU: <a href=""https://static.eurofound.europa.eu/covid19db/countries/HU.html?utm_medium=datawrapper&utm_campaign=covid-19&utm_source=latestUkraineCases"">Hungary</a>","<a href=""https://static.eurofound.europa.eu/covid19db/cases/HU-2022-9_2399.html?utm_medium=datawrapper&utm_campaign=covid-19&utm_source=latestUkraineCases"">Services for Ukrainian refugees under temporary protection</a>",Keeping or obtaining a safe home,06/20/2022
":FR: <a href=""https://static.eurofound.europa.eu/covid19db/countries/FR.html?utm_medium=datawrapper&utm_campaign=covid-19&utm_source=latestUkraineCases"">France</a>","<a href=""https://static.eurofound.europa.eu/covid19db/cases/FR-2022-18_2388.html?utm_medium=datawrapper&utm_campaign=covid-19&utm_source=latestUkraineCases"">Disability compensation grants extended to Ukrainian refugees</a>","Active labour market policies (enhancing employability, training, subsidised job creation, etc.)",06/20/2022
":RO: <a href=""https://static.eurofound.europa.eu/covid19db/countries/RO.html?utm_medium=datawrapper&utm_campaign=covid-19&utm_source=latestUkraineCases"">Romania</a>","<a href=""https://static.eurofound.europa.eu/covid19db/cases/RO-2022-14_2391.html?utm_medium=datawrapper&utm_campaign=covid-19&utm_source=latestUkraineCases"">Energy prices capping: Temporary benefits for consumers</a>",Keeping or obtaining a safe home,06/20/2022
":FR: <a href=""https://static.eurofound.europa.eu/covid19db/countries/FR.html?utm_medium=datawrapper&utm_campaign=covid-19&utm_source=latestUkraineCases"">France</a>","<a href=""https://static.eurofound.europa.eu/covid19db/cases/FR-2022-15_2392.html?utm_medium=datawrapper&utm_campaign=covid-19&utm_source=latestUkraineCases"">State-guaranteed loan extended to companies affected by the war in Ukraine</a>",Access to finance,06/20/2022
":FR: <a href=""https://static.eurofound.europa.eu/covid19db/countries/FR.html?utm_medium=datawrapper&utm_campaign=covid-19&utm_source=latestUkraineCases"">France</a>","<a href=""https://static.eurofound.europa.eu/covid19db/cases/FR-2022-14_2393.html?utm_medium=datawrapper&utm_campaign=covid-19&utm_source=latestUkraineCases"">Support measures for building and public works companies</a>",Responses to inflation,06/20/2022
":FR: <a href=""https://static.eurofound.europa.eu/covid19db/countries/FR.html?utm_medium=datawrapper&utm_campaign=covid-19&utm_source=latestUkraineCases"">France</a>","<a href=""https://static.eurofound.europa.eu/covid19db/cases/FR-2022-15_2394.html?utm_medium=datawrapper&utm_campaign=covid-19&utm_source=latestUkraineCases"">Financial support measures for road transport sector</a>",Direct subsidies (full or partial),06/20/2022
":FI: <a href=""https://static.eurofound.europa.eu/covid19db/countries/FI.html?utm_medium=datawrapper&utm_campaign=covid-19&utm_source=latestUkraineCases"">Finland</a>","<a href=""https://static.eurofound.europa.eu/covid19db/cases/FI-2022-13_2396.html?utm_medium=datawrapper&utm_campaign=covid-19&utm_source=latestUkraineCases"">Package to secure supplies in the agricultural sector</a>",Direct subsidies (full or partial),06/20/2022
":PL: <a href=""https://static.eurofound.europa.eu/covid19db/countries/PL.html?utm_medium=datawrapper&utm_campaign=covid-19&utm_source=latestUkraineCases"">Poland</a>","<a href=""https://static.eurofound.europa.eu/covid19db/cases/PL-2022-9_2327.html?utm_medium=datawrapper&utm_campaign=covid-19&utm_source=latestUkraineCases"">In-kind support and financial support for Ukrainian artists</a>",Extensions of income support to workers not covered by any kind of protection scheme,06/20/2022
":HU: <a href=""https://static.eurofound.europa.eu/covid19db/countries/HU.html?utm_medium=datawrapper&utm_campaign=covid-19&utm_source=latestUkraineCases"">Hungary</a>","<a href=""https://static.eurofound.europa.eu/covid19db/cases/HU-2022-10_2446.html?utm_medium=datawrapper&utm_campaign=covid-19&utm_source=latestUkraineCases"">Budapest Helps: Website with information for refugees</a>",Provision of services in kind (e.g. food vouchers),06/20/2022
":DK: <a href=""https://static.eurofound.europa.eu/covid19db/countries/DK.html?utm_medium=datawrapper&utm_campaign=covid-19&utm_source=latestUkraineCases"">Denmark</a>","<a href=""https://static.eurofound.europa.eu/covid19db/cases/DK-2022-12_2323.html?utm_medium=datawrapper&utm_campaign=covid-19&utm_source=latestUkraineCases"">Basic integration training programme for Ukrainian refugees</a>",Access to childcare and education,06/20/2022
":PL: <a href=""https://static.eurofound.europa.eu/covid19db/countries/PL.html?utm_medium=datawrapper&utm_campaign=covid-19&utm_source=latestUkraineCases"">Poland</a>","<a href=""https://static.eurofound.europa.eu/covid19db/cases/PL-2022-9_2216.html?utm_medium=datawrapper&utm_campaign=covid-19&utm_source=latestUkraineCases"">Access to healthcare for Ukrainian refugees </a>",Access to healthcare,06/20/2022
":CY: <a href=""https://static.eurofound.europa.eu/covid19db/countries/CY.html?utm_medium=datawrapper&utm_campaign=covid-19&utm_source=latestUkraineCases"">Cyprus</a>","<a href=""https://static.eurofound.europa.eu/covid19db/cases/CY-2022-13_2219.html?utm_medium=datawrapper&utm_campaign=covid-19&utm_source=latestUkraineCases"">Temporary protection visas for Ukrainian nationals</a>",Protection of vulnerable groups (beyond employment support),06/20/2022
":DE: <a href=""https://static.eurofound.europa.eu/covid19db/countries/DE.html?utm_medium=datawrapper&utm_campaign=covid-19&utm_source=latestUkraineCases"">Germany</a>","<a href=""https://static.eurofound.europa.eu/covid19db/cases/DE-2022-23_2220.html?utm_medium=datawrapper&utm_campaign=covid-19&utm_source=latestUkraineCases"">Access to basic social assistance, students assistance, and health insurance for Ukrainian refugees</a>",Extensions of income support to workers not covered by any kind of protection scheme,06/20/2022
":CZ: <a href=""https://static.eurofound.europa.eu/covid19db/countries/CZ.html?utm_medium=datawrapper&utm_campaign=covid-19&utm_source=latestUkraineCases"">Czechia</a>","<a href=""https://static.eurofound.europa.eu/covid19db/cases/CZ-2022-16_2224.html?utm_medium=datawrapper&utm_campaign=covid-19&utm_source=latestUkraineCases"">Solidarity subsidy for people accommodating Ukrainian refugees</a>",Keeping or obtaining a safe home,06/20/2022
":PL: <a href=""https://static.eurofound.europa.eu/covid19db/countries/PL.html?utm_medium=datawrapper&utm_campaign=covid-19&utm_source=latestUkraineCases"">Poland</a>","<a href=""https://static.eurofound.europa.eu/covid19db/cases/PL-2022-9_2225.html?utm_medium=datawrapper&utm_campaign=covid-19&utm_source=latestUkraineCases"">Simplified procedures for Ukrainian healthcare personnel </a>","Active labour market policies (enhancing employability, training, subsidised job creation, etc.)",06/20/2022
":CZ: <a href=""https://static.eurofound.europa.eu/covid19db/countries/CZ.html?utm_medium=datawrapper&utm_campaign=covid-19&utm_source=latestUkraineCases"">Czechia</a>","<a href=""https://static.eurofound.europa.eu/covid19db/cases/CZ-2022-17_2229.html?utm_medium=datawrapper&utm_campaign=covid-19&utm_source=latestUkraineCases"">Ukraine: Expansion of the public accommodation programme</a>",Keeping or obtaining a safe home,06/20/2022
":DE: <a href=""https://static.eurofound.europa.eu/covid19db/countries/DE.html?utm_medium=datawrapper&utm_campaign=covid-19&utm_source=latestUkraineCases"">Germany</a>","<a href=""https://static.eurofound.europa.eu/covid19db/cases/DE-2022-1_2232.html?utm_medium=datawrapper&utm_campaign=covid-19&utm_source=latestUkraineCases"">Federal financial support for accommodation, schooling, childcare and care for Ukrainian refugees</a>",Protection of vulnerable groups (beyond employment support),06/20/2022
":CZ: <a href=""https://static.eurofound.europa.eu/covid19db/countries/CZ.html?utm_medium=datawrapper&utm_campaign=covid-19&utm_source=latestUkraineCases"">Czechia</a>","<a href=""https://static.eurofound.europa.eu/covid19db/cases/CZ-2022-15_2238.html?utm_medium=datawrapper&utm_campaign=covid-19&utm_source=latestUkraineCases"">Our Ukrainians website: nasiukrajinci.cz</a>",Other humanitarian measures,06/20/2022
":NO: <a href=""https://static.eurofound.europa.eu/covid19db/countries/NO.html?utm_medium=datawrapper&utm_campaign=covid-19&utm_source=latestUkraineCases"">Norway</a>","<a href=""https://static.eurofound.europa.eu/covid19db/cases/NO-2022-14_2239.html?utm_medium=datawrapper&utm_campaign=covid-19&utm_source=latestUkraineCases"">Reception and settlement of people displaced from Ukraine</a>",Protection of vulnerable groups (beyond employment support),06/20/2022
":CZ: <a href=""https://static.eurofound.europa.eu/covid19db/countries/CZ.html?utm_medium=datawrapper&utm_campaign=covid-19&utm_source=latestUkraineCases"">Czechia</a>","<a href=""https://static.eurofound.europa.eu/covid19db/cases/CZ-2022-10_2241.html?utm_medium=datawrapper&utm_campaign=covid-19&utm_source=latestUkraineCases"">Subsidy for social services to assist people from Ukraine</a>",Protection of vulnerable groups (beyond employment support),06/20/2022
":PL: <a href=""https://static.eurofound.europa.eu/covid19db/countries/PL.html?utm_medium=datawrapper&utm_campaign=covid-19&utm_source=latestUkraineCases"">Poland</a>","<a href=""https://static.eurofound.europa.eu/covid19db/cases/PL-2022-9_2243.html?utm_medium=datawrapper&utm_campaign=covid-19&utm_source=latestUkraineCases"">Benefits for people who help to house and feed refugees</a>",Provision of services in kind (e.g. food vouchers),06/20/2022
":IT: <a href=""https://static.eurofound.europa.eu/covid19db/countries/IT.html?utm_medium=datawrapper&utm_campaign=covid-19&utm_source=latestUkraineCases"">Italy</a>","<a href=""https://static.eurofound.europa.eu/covid19db/cases/IT-2022-21_2246.html?utm_medium=datawrapper&utm_campaign=covid-19&utm_source=latestUkraineCases"">Energy bonus for enterprises</a>",Deferral of payments or liabilities,06/20/2022
":DE: <a href=""https://static.eurofound.europa.eu/covid19db/countries/DE.html?utm_medium=datawrapper&utm_campaign=covid-19&utm_source=latestUkraineCases"">Germany</a>","<a href=""https://static.eurofound.europa.eu/covid19db/cases/DE-2022-27_2252.html?utm_medium=datawrapper&utm_campaign=covid-19&utm_source=latestUkraineCases"">One-time payment for receivers of unemployment and social assistance and unemployment benefits</a>",Protection of vulnerable groups (beyond employment support),06/20/2022
":PL: <a href=""https://static.eurofound.europa.eu/covid19db/countries/PL.html?utm_medium=datawrapper&utm_campaign=covid-19&utm_source=latestUkraineCases"">Poland</a>","<a href=""https://static.eurofound.europa.eu/covid19db/cases/PL-2022-9_2322.html?utm_medium=datawrapper&utm_campaign=covid-19&utm_source=latestUkraineCases"">Access to childcare and education for Ukrainian refugees</a>",Access to childcare and education,06/20/2022
":NO: <a href=""https://static.eurofound.europa.eu/covid19db/countries/NO.html?utm_medium=datawrapper&utm_campaign=covid-19&utm_source=latestUkraineCases"">Norway</a>","<a href=""https://static.eurofound.europa.eu/covid19db/cases/NO-2022-12_2265.html?utm_medium=datawrapper&utm_campaign=covid-19&utm_source=latestUkraineCases"">Unions' household insurance scheme to cover refugees</a>",Provision of services in kind (e.g. food vouchers),06/20/2022
":NO: <a href=""https://static.eurofound.europa.eu/covid19db/countries/NO.html?utm_medium=datawrapper&utm_campaign=covid-19&utm_source=latestUkraineCases"">Norway</a>","<a href=""https://static.eurofound.europa.eu/covid19db/cases/NO-2022-14_2267.html?utm_medium=datawrapper&utm_campaign=covid-19&utm_source=latestUkraineCases"">Crisis measures for the business community in East Finnmark</a>",Access to finance,06/20/2022
":PL: <a href=""https://static.eurofound.europa.eu/covid19db/countries/PL.html?utm_medium=datawrapper&utm_campaign=covid-19&utm_source=latestUkraineCases"">Poland</a>","<a href=""https://static.eurofound.europa.eu/covid19db/cases/PL-2022-9_2217.html?utm_medium=datawrapper&utm_campaign=covid-19&utm_source=latestUkraineCases"">Access to social benefits for Ukrainian refugees: Support for families and individuals</a>",Support for parents and carers (financial or in kind),06/20/2022
":SK: <a href=""https://static.eurofound.europa.eu/covid19db/countries/SK.html?utm_medium=datawrapper&utm_campaign=covid-19&utm_source=latestUkraineCases"">Slovakia</a>","<a href=""https://static.eurofound.europa.eu/covid19db/cases/SK-2022-14_2214.html?utm_medium=datawrapper&utm_campaign=covid-19&utm_source=latestUkraineCases"">Refugee accommodation allowance for persons and entities hosting refugees free of charge</a>",Keeping or obtaining a safe home,06/20/2022
":LU: <a href=""https://static.eurofound.europa.eu/covid19db/countries/LU.html?utm_medium=datawrapper&utm_campaign=covid-19&utm_source=latestUkraineCases"">Luxembourg</a>","<a href=""https://static.eurofound.europa.eu/covid19db/cases/LU-2022-14_2277.html?utm_medium=datawrapper&utm_campaign=covid-19&utm_source=latestUkraineCases"">Subsidy for costs of electricity and gas for high-energy intensive companies</a>",Responses to inflation,06/20/2022
":GR: <a href=""https://static.eurofound.europa.eu/covid19db/countries/GR.html?utm_medium=datawrapper&utm_campaign=covid-19&utm_source=latestUkraineCases"">Greece</a>","<a href=""https://static.eurofound.europa.eu/covid19db/cases/GR-2022-14_2212.html?utm_medium=datawrapper&utm_campaign=covid-19&utm_source=latestUkraineCases"">Access to the labour market and medical care for Ukrainian refugees</a>",Other humanitarian measures,06/20/2022
":BG: <a href=""https://static.eurofound.europa.eu/covid19db/countries/BG.html?utm_medium=datawrapper&utm_campaign=covid-19&utm_source=latestUkraineCases"">Bulgaria</a>","<a href=""https://static.eurofound.europa.eu/covid19db/cases/BG-2022-9_2179.html?utm_medium=datawrapper&utm_campaign=covid-19&utm_source=latestUkraineCases"">One-off assistance to persons displaced from Ukraine</a>",Other humanitarian measures,06/20/2022
":HR: <a href=""https://static.eurofound.europa.eu/covid19db/countries/HR.html?utm_medium=datawrapper&utm_campaign=covid-19&utm_source=latestUkraineCases"">Croatia</a>","<a href=""https://static.eurofound.europa.eu/covid19db/cases/HR-2022-13_2181.html?utm_medium=datawrapper&utm_campaign=covid-19&utm_source=latestUkraineCases"">Government funded private accommodation for Ukrainian refugees</a>",Keeping or obtaining a safe home,06/20/2022
":HR: <a href=""https://static.eurofound.europa.eu/covid19db/countries/HR.html?utm_medium=datawrapper&utm_campaign=covid-19&utm_source=latestUkraineCases"">Croatia</a>","<a href=""https://static.eurofound.europa.eu/covid19db/cases/HR-2022-13_2183.html?utm_medium=datawrapper&utm_campaign=covid-19&utm_source=latestUkraineCases"">'Croatia for Ukraine' - Website with relevant information for Ukrainian refugees</a>",Other humanitarian measures,06/20/2022
":HR: <a href=""https://static.eurofound.europa.eu/covid19db/countries/HR.html?utm_medium=datawrapper&utm_campaign=covid-19&utm_source=latestUkraineCases"">Croatia</a>","<a href=""https://static.eurofound.europa.eu/covid19db/cases/HR-2022-11_2184.html?utm_medium=datawrapper&utm_campaign=covid-19&utm_source=latestUkraineCases"">Temporary protection in Croatia for displaced persons from Ukraine</a>",Other humanitarian measures,06/20/2022
":HR: <a href=""https://static.eurofound.europa.eu/covid19db/countries/HR.html?utm_medium=datawrapper&utm_campaign=covid-19&utm_source=latestUkraineCases"">Croatia</a>","<a href=""https://static.eurofound.europa.eu/covid19db/cases/HR-2022-16_2191.html?utm_medium=datawrapper&utm_campaign=covid-19&utm_source=latestUkraineCases"">Access to higher education for Ukrainian students and to employment for teachers and scientists</a>",Access to childcare and education,06/20/2022
":CZ: <a href=""https://static.eurofound.europa.eu/covid19db/countries/CZ.html?utm_medium=datawrapper&utm_campaign=covid-19&utm_source=latestUkraineCases"">Czechia</a>","<a href=""https://static.eurofound.europa.eu/covid19db/cases/CZ-2022-14_2192.html?utm_medium=datawrapper&utm_campaign=covid-19&utm_source=latestUkraineCases"">Intensive language courses for Ukrainian children</a>",Access to childcare and education,06/20/2022
":CZ: <a href=""https://static.eurofound.europa.eu/covid19db/countries/CZ.html?utm_medium=datawrapper&utm_campaign=covid-19&utm_source=latestUkraineCases"">Czechia</a>","<a href=""https://static.eurofound.europa.eu/covid19db/cases/CZ-2022-13_2193.html?utm_medium=datawrapper&utm_campaign=covid-19&utm_source=latestUkraineCases"">Jobs4UA.cz: A platform for Ukrainian jobseekers</a>",Smoothing frictions or reallocation of workers,06/20/2022
":CZ: <a href=""https://static.eurofound.europa.eu/covid19db/countries/CZ.html?utm_medium=datawrapper&utm_campaign=covid-19&utm_source=latestUkraineCases"">Czechia</a>","<a href=""https://static.eurofound.europa.eu/covid19db/cases/CZ-2022-13_2195.html?utm_medium=datawrapper&utm_campaign=covid-19&utm_source=latestUkraineCases"">Temporary protection visas for Ukrainian refugees</a>",Other humanitarian measures,06/20/2022
":HR: <a href=""https://static.eurofound.europa.eu/covid19db/countries/HR.html?utm_medium=datawrapper&utm_campaign=covid-19&utm_source=latestUkraineCases"">Croatia</a>","<a href=""https://static.eurofound.europa.eu/covid19db/cases/HR-2022-15_2199.html?utm_medium=datawrapper&utm_campaign=covid-19&utm_source=latestUkraineCases"">Social rights and assistance for refugees from Ukraine</a>",Protection of vulnerable groups (beyond employment support),06/20/2022
":CZ: <a href=""https://static.eurofound.europa.eu/covid19db/countries/CZ.html?utm_medium=datawrapper&utm_campaign=covid-19&utm_source=latestUkraineCases"">Czechia</a>","<a href=""https://static.eurofound.europa.eu/covid19db/cases/CZ-2022-13_2200.html?utm_medium=datawrapper&utm_campaign=covid-19&utm_source=latestUkraineCases"">Emergency humanitarian allowance for Ukrainian refugees</a>",Other humanitarian measures,06/20/2022
":FI: <a href=""https://static.eurofound.europa.eu/covid19db/countries/FI.html?utm_medium=datawrapper&utm_campaign=covid-19&utm_source=latestUkraineCases"">Finland</a>","<a href=""https://static.eurofound.europa.eu/covid19db/cases/FI-2022-32_2201.html?utm_medium=datawrapper&utm_campaign=covid-19&utm_source=latestUkraineCases"">Increase in study allowances to mitigate the effects of increased cost of living</a>",Responses to inflation,06/20/2022
":CZ: <a href=""https://static.eurofound.europa.eu/covid19db/countries/CZ.html?utm_medium=datawrapper&utm_campaign=covid-19&utm_source=latestUkraineCases"">Czechia</a>","<a href=""https://static.eurofound.europa.eu/covid19db/cases/CZ-2022-10_2202.html?utm_medium=datawrapper&utm_campaign=covid-19&utm_source=latestUkraineCases"">Crisis advice for Czech companies exporting products to Ukraine and Russia</a>",Foreign trade related measures,06/20/2022
":BE: <a href=""https://static.eurofound.europa.eu/covid19db/countries/BE.html?utm_medium=datawrapper&utm_campaign=covid-19&utm_source=latestUkraineCases"">Belgium</a>","<a href=""https://static.eurofound.europa.eu/covid19db/cases/BE-2022-10_2203.html?utm_medium=datawrapper&utm_campaign=covid-19&utm_source=latestUkraineCases"">Additional financial resources for social services</a>",Other humanitarian measures,06/20/2022
":BE: <a href=""https://static.eurofound.europa.eu/covid19db/countries/BE.html?utm_medium=datawrapper&utm_campaign=covid-19&utm_source=latestUkraineCases"">Belgium</a>","<a href=""https://static.eurofound.europa.eu/covid19db/cases/BE-2022-10_2204.html?utm_medium=datawrapper&utm_campaign=covid-19&utm_source=latestUkraineCases"">Access to the labour market for Ukrainian refugees</a>",Smoothing frictions or reallocation of workers,06/20/2022
":IT: <a href=""https://static.eurofound.europa.eu/covid19db/countries/IT.html?utm_medium=datawrapper&utm_campaign=covid-19&utm_source=latestUkraineCases"">Italy</a>","<a href=""https://static.eurofound.europa.eu/covid19db/cases/IT-2022-14_2210.html?utm_medium=datawrapper&utm_campaign=covid-19&utm_source=latestUkraineCases"">Reception of Ukrainian refugees</a>",Other humanitarian measures,06/20/2022
":SK: <a href=""https://static.eurofound.europa.eu/covid19db/countries/SK.html?utm_medium=datawrapper&utm_campaign=covid-19&utm_source=latestUkraineCases"">Slovakia</a>","<a href=""https://static.eurofound.europa.eu/covid19db/cases/SK-2022-12_2268.html?utm_medium=datawrapper&utm_campaign=covid-19&utm_source=latestUkraineCases"">Material need benefits for refugees from Ukraine</a>",Protection of vulnerable groups (beyond employment support),06/20/2022
":RO: <a href=""https://static.eurofound.europa.eu/covid19db/countries/RO.html?utm_medium=datawrapper&utm_campaign=covid-19&utm_source=latestUkraineCases"">Romania</a>","<a href=""https://static.eurofound.europa.eu/covid19db/cases/RO-2022-11_2261.html?utm_medium=datawrapper&utm_campaign=covid-19&utm_source=latestUkraineCases"">Employment rights for persons arriving from the armed conflict areas of Ukraine</a>","Active labour market policies (enhancing employability, training, subsidised job creation, etc.)",06/20/2022
":LU: <a href=""https://static.eurofound.europa.eu/covid19db/countries/LU.html?utm_medium=datawrapper&utm_campaign=covid-19&utm_source=latestUkraineCases"">Luxembourg</a>","<a href=""https://static.eurofound.europa.eu/covid19db/cases/LU-2022-20_2278.html?utm_medium=datawrapper&utm_campaign=covid-19&utm_source=latestUkraineCases"">Call for projects by the Asylum, Migration and Integration Fund (AMIF)</a>",Other humanitarian measures,06/20/2022
":FI: <a href=""https://static.eurofound.europa.eu/covid19db/countries/FI.html?utm_medium=datawrapper&utm_campaign=covid-19&utm_source=latestUkraineCases"">Finland</a>","<a href=""https://static.eurofound.europa.eu/covid19db/cases/FI-2022-32_2291.html?utm_medium=datawrapper&utm_campaign=covid-19&utm_source=latestUkraineCases"">Increase in social benefits to mitigate effects of increased cost of living</a>",Responses to inflation,06/20/2022
":EE: <a href=""https://static.eurofound.europa.eu/covid19db/countries/EE.html?utm_medium=datawrapper&utm_campaign=covid-19&utm_source=latestUkraineCases"">Estonia</a>","<a href=""https://static.eurofound.europa.eu/covid19db/cases/EE-2022-10_2304.html?utm_medium=datawrapper&utm_campaign=covid-19&utm_source=latestUkraineCases"">Job portal for Ukrainian refugees</a>",Smoothing frictions or reallocation of workers,06/20/2022
":SK: <a href=""https://static.eurofound.europa.eu/covid19db/countries/SK.html?utm_medium=datawrapper&utm_campaign=covid-19&utm_source=latestUkraineCases"">Slovakia</a>","<a href=""https://static.eurofound.europa.eu/covid19db/cases/SK-2022-14_2307.html?utm_medium=datawrapper&utm_campaign=covid-19&utm_source=latestUkraineCases"">Providing healthcare for refugees from Ukraine</a>",Access to healthcare,06/20/2022
":EE: <a href=""https://static.eurofound.europa.eu/covid19db/countries/EE.html?utm_medium=datawrapper&utm_campaign=covid-19&utm_source=latestUkraineCases"">Estonia</a>","<a href=""https://static.eurofound.europa.eu/covid19db/cases/EE-2022-11_2303.html?utm_medium=datawrapper&utm_campaign=covid-19&utm_source=latestUkraineCases"">Free initial health checks for Ukrainian refugees</a>",Access to healthcare,06/20/2022
":SK: <a href=""https://static.eurofound.europa.eu/covid19db/countries/SK.html?utm_medium=datawrapper&utm_campaign=covid-19&utm_source=latestUkraineCases"">Slovakia</a>","<a href=""https://static.eurofound.europa.eu/covid19db/cases/SK-2022-14_2308.html?utm_medium=datawrapper&utm_campaign=covid-19&utm_source=latestUkraineCases"">Financing employment of refugees from Ukraine</a>","Active labour market policies (enhancing employability, training, subsidised job creation, etc.)",06/20/2022
":EE: <a href=""https://static.eurofound.europa.eu/covid19db/countries/EE.html?utm_medium=datawrapper&utm_campaign=covid-19&utm_source=latestUkraineCases"">Estonia</a>","<a href=""https://static.eurofound.europa.eu/covid19db/cases/EE-2022-21_2302.html?utm_medium=datawrapper&utm_campaign=covid-19&utm_source=latestUkraineCases"">Financial support for refugees for moving to long-term accommodation</a>",Keeping or obtaining a safe home,06/20/2022
":PL: <a href=""https://static.eurofound.europa.eu/covid19db/countries/PL.html?utm_medium=datawrapper&utm_campaign=covid-19&utm_source=latestUkraineCases"">Poland</a>","<a href=""https://static.eurofound.europa.eu/covid19db/cases/PL-2022-9_2300.html?utm_medium=datawrapper&utm_campaign=covid-19&utm_source=latestUkraineCases"">Food assistance for Ukrainian refugees</a>",Provision of services in kind (e.g. food vouchers),06/20/2022
":BG: <a href=""https://static.eurofound.europa.eu/covid19db/countries/BG.html?utm_medium=datawrapper&utm_campaign=covid-19&utm_source=latestUkraineCases"">Bulgaria</a>","<a href=""https://static.eurofound.europa.eu/covid19db/cases/BG-2022-10_2309.html?utm_medium=datawrapper&utm_campaign=covid-19&utm_source=latestUkraineCases"">Job Dashboard and recruitment events for citizens of Ukraine</a>",Smoothing frictions or reallocation of workers,06/20/2022
":EE: <a href=""https://static.eurofound.europa.eu/covid19db/countries/EE.html?utm_medium=datawrapper&utm_campaign=covid-19&utm_source=latestUkraineCases"">Estonia</a>","<a href=""https://static.eurofound.europa.eu/covid19db/cases/EE-2022-10_2299.html?utm_medium=datawrapper&utm_campaign=covid-19&utm_source=latestUkraineCases"">New portals to provide long-term accommodation for Ukrainian refugees</a>",Keeping or obtaining a safe home,06/20/2022
":SK: <a href=""https://static.eurofound.europa.eu/covid19db/countries/SK.html?utm_medium=datawrapper&utm_campaign=covid-19&utm_source=latestUkraineCases"">Slovakia</a>","<a href=""https://static.eurofound.europa.eu/covid19db/cases/SK-2022-19_2310.html?utm_medium=datawrapper&utm_campaign=covid-19&utm_source=latestUkraineCases"">Help to Refugees: Career guidance</a>","Active labour market policies (enhancing employability, training, subsidised job creation, etc.)",06/20/2022
":FI: <a href=""https://static.eurofound.europa.eu/covid19db/countries/FI.html?utm_medium=datawrapper&utm_campaign=covid-19&utm_source=latestUkraineCases"">Finland</a>","<a href=""https://static.eurofound.europa.eu/covid19db/cases/FI-2022-15_2297.html?utm_medium=datawrapper&utm_campaign=covid-19&utm_source=latestUkraineCases"">Border guards and police to issue certificates that grant the right to work for persons applying for temporary protection</a>",Smoothing frictions or reallocation of workers,06/20/2022
":SK: <a href=""https://static.eurofound.europa.eu/covid19db/countries/SK.html?utm_medium=datawrapper&utm_campaign=covid-19&utm_source=latestUkraineCases"">Slovakia</a>","<a href=""https://static.eurofound.europa.eu/covid19db/cases/SK-2022-14_2311.html?utm_medium=datawrapper&utm_campaign=covid-19&utm_source=latestUkraineCases"">Refugee accommodation allowance</a>",Keeping or obtaining a safe home,06/20/2022
":DE: <a href=""https://static.eurofound.europa.eu/covid19db/countries/DE.html?utm_medium=datawrapper&utm_campaign=covid-19&utm_source=latestUkraineCases"">Germany</a>","<a href=""https://static.eurofound.europa.eu/covid19db/cases/DE-2022-10_2296.html?utm_medium=datawrapper&utm_campaign=covid-19&utm_source=latestUkraineCases"">Residence permit and German labour market access</a>","Active labour market policies (enhancing employability, training, subsidised job creation, etc.)",06/20/2022
":BG: <a href=""https://static.eurofound.europa.eu/covid19db/countries/BG.html?utm_medium=datawrapper&utm_campaign=covid-19&utm_source=latestUkraineCases"">Bulgaria</a>","<a href=""https://static.eurofound.europa.eu/covid19db/cases/BG-2022-9_2312.html?utm_medium=datawrapper&utm_campaign=covid-19&utm_source=latestUkraineCases"">Integrated Information Portal for Ukraine</a>",Other humanitarian measures,06/20/2022
":DK: <a href=""https://static.eurofound.europa.eu/covid19db/countries/DK.html?utm_medium=datawrapper&utm_campaign=covid-19&utm_source=latestUkraineCases"">Denmark</a>","<a href=""https://static.eurofound.europa.eu/covid19db/cases/DK-2022-14_2292.html?utm_medium=datawrapper&utm_campaign=covid-19&utm_source=latestUkraineCases"">JobguideUkraine.dk helps Ukrainian refugees find employment</a>",Smoothing frictions or reallocation of workers,06/20/2022
":DE: <a href=""https://static.eurofound.europa.eu/covid19db/countries/DE.html?utm_medium=datawrapper&utm_campaign=covid-19&utm_source=latestUkraineCases"">Germany</a>","<a href=""https://static.eurofound.europa.eu/covid19db/cases/DE-2022-20_2290.html?utm_medium=datawrapper&utm_campaign=covid-19&utm_source=latestUkraineCases"">Expanded loan guarantees for companies affected by the war in Ukraine</a>",Access to finance,06/20/2022
":EE: <a href=""https://static.eurofound.europa.eu/covid19db/countries/EE.html?utm_medium=datawrapper&utm_campaign=covid-19&utm_source=latestUkraineCases"">Estonia</a>","<a href=""https://static.eurofound.europa.eu/covid19db/cases/EE-2022-11_2316.html?utm_medium=datawrapper&utm_campaign=covid-19&utm_source=latestUkraineCases"">Free public transport for Ukrainian refugees</a>",Provision of services in kind (e.g. food vouchers),06/20/2022
":EE: <a href=""https://static.eurofound.europa.eu/covid19db/countries/EE.html?utm_medium=datawrapper&utm_campaign=covid-19&utm_source=latestUkraineCases"">Estonia</a>","<a href=""https://static.eurofound.europa.eu/covid19db/cases/EE-2022-16_2313.html?utm_medium=datawrapper&utm_campaign=covid-19&utm_source=latestUkraineCases"">One-time payment to support Ukrainian refugee children starting school</a>",Access to childcare and education,06/20/2022
":DK: <a href=""https://static.eurofound.europa.eu/covid19db/countries/DK.html?utm_medium=datawrapper&utm_campaign=covid-19&utm_source=latestUkraineCases"">Denmark</a>","<a href=""https://static.eurofound.europa.eu/covid19db/cases/DK-2022-12_2288.html?utm_medium=datawrapper&utm_campaign=covid-19&utm_source=latestUkraineCases"">Subsidy scheme for private landlords housing Ukrainian refugees</a>",Keeping or obtaining a safe home,06/20/2022
":DE: <a href=""https://static.eurofound.europa.eu/covid19db/countries/DE.html?utm_medium=datawrapper&utm_campaign=covid-19&utm_source=latestUkraineCases"">Germany</a>","<a href=""https://static.eurofound.europa.eu/covid19db/cases/DE-2022-20_2287.html?utm_medium=datawrapper&utm_campaign=covid-19&utm_source=latestUkraineCases"">Loan guarantees for companies affected by the war in Ukraine</a>",Deferral of payments or liabilities,06/20/2022
":PL: <a href=""https://static.eurofound.europa.eu/covid19db/countries/PL.html?utm_medium=datawrapper&utm_campaign=covid-19&utm_source=latestUkraineCases"">Poland</a>","<a href=""https://static.eurofound.europa.eu/covid19db/cases/PL-2022-9_2314.html?utm_medium=datawrapper&utm_campaign=covid-19&utm_source=latestUkraineCases"">Social security numbers and residence for Ukrainian refugees</a>",Other humanitarian measures,06/20/2022
":DK: <a href=""https://static.eurofound.europa.eu/covid19db/countries/DK.html?utm_medium=datawrapper&utm_campaign=covid-19&utm_source=latestUkraineCases"">Denmark</a>","<a href=""https://static.eurofound.europa.eu/covid19db/cases/DK-2022-16_2286.html?utm_medium=datawrapper&utm_campaign=covid-19&utm_source=latestUkraineCases"">Access to health services for Ukrainians with temporary residence permits</a>",Access to healthcare,06/20/2022
":BG: <a href=""https://static.eurofound.europa.eu/covid19db/countries/BG.html?utm_medium=datawrapper&utm_campaign=covid-19&utm_source=latestUkraineCases"">Bulgaria</a>","<a href=""https://static.eurofound.europa.eu/covid19db/cases/BG-2022-21_2285.html?utm_medium=datawrapper&utm_campaign=covid-19&utm_source=latestUkraineCases"">Lidl offers jobs and language training to Ukrainians in Bulgaria</a>","Active labour market policies (enhancing employability, training, subsidised job creation, etc.)",06/20/2022
":DK: <a href=""https://static.eurofound.europa.eu/covid19db/countries/DK.html?utm_medium=datawrapper&utm_campaign=covid-19&utm_source=latestUkraineCases"">Denmark</a>","<a href=""https://static.eurofound.europa.eu/covid19db/cases/DK-2022-13_2283.html?utm_medium=datawrapper&utm_campaign=covid-19&utm_source=latestUkraineCases"">Temporary residence permit for displaced people from Ukraine </a>",Keeping or obtaining a safe home,06/20/2022
":RO: <a href=""https://static.eurofound.europa.eu/covid19db/countries/RO.html?utm_medium=datawrapper&utm_campaign=covid-19&utm_source=latestUkraineCases"">Romania</a>","<a href=""https://static.eurofound.europa.eu/covid19db/cases/RO-2022-10_2289.html?utm_medium=datawrapper&utm_campaign=covid-19&utm_source=latestUkraineCases"">Accommodation and meals for people from Ukraine</a>",Keeping or obtaining a safe home,06/20/2022
":NO: <a href=""https://static.eurofound.europa.eu/covid19db/countries/NO.html?utm_medium=datawrapper&utm_campaign=covid-19&utm_source=latestUkraineCases"">Norway</a>","<a href=""https://static.eurofound.europa.eu/covid19db/cases/NO-2022-14_2282.html?utm_medium=datawrapper&utm_campaign=covid-19&utm_source=latestUkraineCases"">Loan guarantee scheme for companies affected by the war in Ukraine</a>",Access to finance,06/20/2022
":BG: <a href=""https://static.eurofound.europa.eu/covid19db/countries/BG.html?utm_medium=datawrapper&utm_campaign=covid-19&utm_source=latestUkraineCases"">Bulgaria</a>","<a href=""https://static.eurofound.europa.eu/covid19db/cases/BG-2022-9_2281.html?utm_medium=datawrapper&utm_campaign=covid-19&utm_source=latestUkraineCases"">Access to the Bulgarian labour market for citizens of Ukraine</a>","Active labour market policies (enhancing employability, training, subsidised job creation, etc.)",06/20/2022
":EE: <a href=""https://static.eurofound.europa.eu/covid19db/countries/EE.html?utm_medium=datawrapper&utm_campaign=covid-19&utm_source=latestUkraineCases"">Estonia</a>","<a href=""https://static.eurofound.europa.eu/covid19db/cases/EE-2022-13_2317.html?utm_medium=datawrapper&utm_campaign=covid-19&utm_source=latestUkraineCases"">Psychological assistance for Ukrainian refugees</a>",Other humanitarian measures,06/20/2022
":BG: <a href=""https://static.eurofound.europa.eu/covid19db/countries/BG.html?utm_medium=datawrapper&utm_campaign=covid-19&utm_source=latestUkraineCases"">Bulgaria</a>","<a href=""https://static.eurofound.europa.eu/covid19db/cases/BG-2022-12_2159.html?utm_medium=datawrapper&utm_campaign=covid-19&utm_source=latestUkraineCases"">New system for registration of temporary protection</a>",Other humanitarian measures,06/20/2022
":EE: <a href=""https://static.eurofound.europa.eu/covid19db/countries/EE.html?utm_medium=datawrapper&utm_campaign=covid-19&utm_source=latestUkraineCases"">Estonia</a>","<a href=""https://static.eurofound.europa.eu/covid19db/cases/EE-2022-17_2319.html?utm_medium=datawrapper&utm_campaign=covid-19&utm_source=latestUkraineCases"">Group counselling on various subjects for Ukrainian refugees</a>",Other humanitarian measures,06/20/2022
":EE: <a href=""https://static.eurofound.europa.eu/covid19db/countries/EE.html?utm_medium=datawrapper&utm_campaign=covid-19&utm_source=latestUkraineCases"">Estonia</a>","<a href=""https://static.eurofound.europa.eu/covid19db/cases/EE-2022-9_2320.html?utm_medium=datawrapper&utm_campaign=covid-19&utm_source=latestUkraineCases"">Financing the education costs of Ukrainian war refugees</a>",Access to childcare and education,06/20/2022
":IT: <a href=""https://static.eurofound.europa.eu/covid19db/countries/IT.html?utm_medium=datawrapper&utm_campaign=covid-19&utm_source=latestUkraineCases"">Italy</a>","<a href=""https://static.eurofound.europa.eu/covid19db/cases/IT-2022-14_2306.html?utm_medium=datawrapper&utm_campaign=covid-19&utm_source=latestUkraineCases"">Measures for companies with interests in Ukraine, the Russian Federation or Belarus</a>",Access to finance,06/14/2022
":LV: <a href=""https://static.eurofound.europa.eu/covid19db/countries/LV.html?utm_medium=datawrapper&utm_campaign=covid-19&utm_source=latestUkraineCases"">Latvia</a>","<a href=""https://static.eurofound.europa.eu/covid19db/cases/LV-2022-11_2415.html?utm_medium=datawrapper&utm_campaign=covid-19&utm_source=latestUkraineCases"">Initial accommodation and meals for Ukrainian refugees</a>",Keeping or obtaining a safe home,06/14/2022
":NL: <a href=""https://static.eurofound.europa.eu/covid19db/countries/NL.html?utm_medium=datawrapper&utm_campaign=covid-19&utm_source=latestUkraineCases"">Netherlands</a>","<a href=""https://static.eurofound.europa.eu/covid19db/cases/NL-2022-9_2206.html?utm_medium=datawrapper&utm_campaign=covid-19&utm_source=latestUkraineCases"">Refugeehelp.nl: A webpage for refugees and helpers</a>",Other humanitarian measures,06/14/2022
":BE: <a href=""https://static.eurofound.europa.eu/covid19db/countries/BE.html?utm_medium=datawrapper&utm_campaign=covid-19&utm_source=latestUkraineCases"">Belgium</a>","<a href=""https://static.eurofound.europa.eu/covid19db/cases/BE-2022-19_2402.html?utm_medium=datawrapper&utm_campaign=covid-19&utm_source=latestUkraineCases"">Public employment service information support measures for Ukrainian refugees</a>",Smoothing frictions or reallocation of workers,06/14/2022
":DE: <a href=""https://static.eurofound.europa.eu/covid19db/countries/DE.html?utm_medium=datawrapper&utm_campaign=covid-19&utm_source=latestUkraineCases"">Germany</a>","<a href=""https://static.eurofound.europa.eu/covid19db/cases/DE-2022-9_2305.html?utm_medium=datawrapper&utm_campaign=covid-19&utm_source=latestUkraineCases"">Access to integration and language courses</a>","Active labour market policies (enhancing employability, training, subsidised job creation, etc.)",06/14/2022
":LV: <a href=""https://static.eurofound.europa.eu/covid19db/countries/LV.html?utm_medium=datawrapper&utm_campaign=covid-19&utm_source=latestUkraineCases"">Latvia</a>","<a href=""https://static.eurofound.europa.eu/covid19db/cases/LV-2022-12_2413.html?utm_medium=datawrapper&utm_campaign=covid-19&utm_source=latestUkraineCases"">Reduced requirements to work as a taxi driver for Ukrainian refugees</a>",Smoothing frictions or reallocation of workers,06/14/2022
":LV: <a href=""https://static.eurofound.europa.eu/covid19db/countries/LV.html?utm_medium=datawrapper&utm_campaign=covid-19&utm_source=latestUkraineCases"">Latvia</a>","<a href=""https://static.eurofound.europa.eu/covid19db/cases/LV-2022-10_2411.html?utm_medium=datawrapper&utm_campaign=covid-19&utm_source=latestUkraineCases"">Right of Ukrainians to engage in medical professions</a>",Smoothing frictions or reallocation of workers,06/14/2022
":SE: <a href=""https://static.eurofound.europa.eu/covid19db/countries/SE.html?utm_medium=datawrapper&utm_campaign=covid-19&utm_source=latestUkraineCases"">Sweden</a>","<a href=""https://static.eurofound.europa.eu/covid19db/cases/SE-2022-27_2373.html?utm_medium=datawrapper&utm_campaign=covid-19&utm_source=latestUkraineCases"">Financial support for agricultural (pigs, poultry, greenhouses) companies</a>",Direct subsidies (full or partial),06/14/2022
":HU: <a href=""https://static.eurofound.europa.eu/covid19db/countries/HU.html?utm_medium=datawrapper&utm_campaign=covid-19&utm_source=latestUkraineCases"">Hungary</a>","<a href=""https://static.eurofound.europa.eu/covid19db/cases/HU-2022-11_2400.html?utm_medium=datawrapper&utm_campaign=covid-19&utm_source=latestUkraineCases"">Employment subsidies for Ukrainian refugees</a>","Active labour market policies (enhancing employability, training, subsidised job creation, etc.)",06/14/2022
":FI: <a href=""https://static.eurofound.europa.eu/covid19db/countries/FI.html?utm_medium=datawrapper&utm_campaign=covid-19&utm_source=latestUkraineCases"">Finland</a>","<a href=""https://static.eurofound.europa.eu/covid19db/cases/FI-2022-12_2397.html?utm_medium=datawrapper&utm_campaign=covid-19&utm_source=latestUkraineCases"">Identifying Finnish companies to employ refugees</a>",Smoothing frictions or reallocation of workers,06/14/2022
":FR: <a href=""https://static.eurofound.europa.eu/covid19db/countries/FR.html?utm_medium=datawrapper&utm_campaign=covid-19&utm_source=latestUkraineCases"">France</a>","<a href=""https://static.eurofound.europa.eu/covid19db/cases/FR-2022-25_2395.html?utm_medium=datawrapper&utm_campaign=covid-19&utm_source=latestUkraineCases"">Subsidy for companies that are large consumers of gas and electricity</a>",Direct subsidies (full or partial),06/14/2022
":PL: <a href=""https://static.eurofound.europa.eu/covid19db/countries/PL.html?utm_medium=datawrapper&utm_campaign=covid-19&utm_source=latestUkraineCases"">Poland</a>","<a href=""https://static.eurofound.europa.eu/covid19db/cases/PL-2022-10_2389.html?utm_medium=datawrapper&utm_campaign=covid-19&utm_source=latestUkraineCases"">Free healthcare offered by LUX MED for refugees from Ukraine</a>",Access to healthcare,06/14/2022
":SE: <a href=""https://static.eurofound.europa.eu/covid19db/countries/SE.html?utm_medium=datawrapper&utm_campaign=covid-19&utm_source=latestUkraineCases"">Sweden</a>","<a href=""https://static.eurofound.europa.eu/covid19db/cases/SE-2022-27_2386.html?utm_medium=datawrapper&utm_campaign=covid-19&utm_source=latestUkraineCases"">Financial support for agriculture and fisheries due to the war in Ukraine</a>",Direct subsidies (full or partial),06/14/2022
":RO: <a href=""https://static.eurofound.europa.eu/covid19db/countries/RO.html?utm_medium=datawrapper&utm_campaign=covid-19&utm_source=latestUkraineCases"">Romania</a>","<a href=""https://static.eurofound.europa.eu/covid19db/cases/RO-2022-11_2382.html?utm_medium=datawrapper&utm_campaign=covid-19&utm_source=latestUkraineCases"">Access to social services for vulnerable refugees from Ukraine</a>",Protection of vulnerable groups (beyond employment support),06/14/2022
":LT: <a href=""https://static.eurofound.europa.eu/covid19db/countries/LT.html?utm_medium=datawrapper&utm_campaign=covid-19&utm_source=latestUkraineCases"">Lithuania</a>","<a href=""https://static.eurofound.europa.eu/covid19db/cases/LT-2022-15_2377.html?utm_medium=datawrapper&utm_campaign=covid-19&utm_source=latestUkraineCases"">Compensations for providing housing to Ukrainian citizens free of charge</a>",Keeping or obtaining a safe home,06/14/2022
":NO: <a href=""https://static.eurofound.europa.eu/covid19db/countries/NO.html?utm_medium=datawrapper&utm_campaign=covid-19&utm_source=latestUkraineCases"">Norway</a>","<a href=""https://static.eurofound.europa.eu/covid19db/cases/NO-2022-14_2280.html?utm_medium=datawrapper&utm_campaign=covid-19&utm_source=latestUkraineCases"">Subsidy for loss of income for companies affected by the war in Ukraine</a>",Direct subsidies (full or partial),06/14/2022
":SE: <a href=""https://static.eurofound.europa.eu/covid19db/countries/SE.html?utm_medium=datawrapper&utm_campaign=covid-19&utm_source=latestUkraineCases"">Sweden</a>","<a href=""https://static.eurofound.europa.eu/covid19db/cases/SE-2022-1_2375.html?utm_medium=datawrapper&utm_campaign=covid-19&utm_source=latestUkraineCases"">Lower tax on diesel for companies in forestry, agriculture and aquaculture</a>",Direct subsidies (full or partial),06/14/2022
":BG: <a href=""https://static.eurofound.europa.eu/covid19db/countries/BG.html?utm_medium=datawrapper&utm_campaign=covid-19&utm_source=latestUkraineCases"">Bulgaria</a>","<a href=""https://static.eurofound.europa.eu/covid19db/cases/BG-2022-14_2279.html?utm_medium=datawrapper&utm_campaign=covid-19&utm_source=latestUkraineCases"">Assistance for accommodation and food for persons from Ukraine</a>",Keeping or obtaining a safe home,06/14/2022
":BG: <a href=""https://static.eurofound.europa.eu/covid19db/countries/BG.html?utm_medium=datawrapper&utm_campaign=covid-19&utm_source=latestUkraineCases"">Bulgaria</a>","<a href=""https://static.eurofound.europa.eu/covid19db/cases/BG-2022-11_2318.html?utm_medium=datawrapper&utm_campaign=covid-19&utm_source=latestUkraineCases"">Enrolment in kindergarten or school for Ukrainian children</a>",Access to childcare and education,06/14/2022
":BE: <a href=""https://static.eurofound.europa.eu/covid19db/countries/BE.html?utm_medium=datawrapper&utm_campaign=covid-19&utm_source=latestUkraineCases"">Belgium</a>","<a href=""https://static.eurofound.europa.eu/covid19db/cases/BE-2022-10_2405.html?utm_medium=datawrapper&utm_campaign=covid-19&utm_source=latestUkraineCases"">Flemish measures to compensate increasing energy prices for citizens</a>",Responses to inflation,05/26/2022
